{
  "bfo_mechanisms": {
    "mechanisms_verified": {
      "chemotaxis_working": true,
      "reproduction_working": true,
      "elimination_working": true,
      "diversity_decreasing": true
    },
    "chemotaxis_history": [
      0.005277751944959164,
      0.004046760033816099,
      0.002170845400542021,
      0.002170845400542021,
      0.002170845400542021,
      0.002170845400542021,
      0.002170845400542021,
      0.002170845400542021,
      0.002170845400542021,
      0.0016107517294585705,
      0.0009419899433851242,
      0.000888270209543407,
      0.0006730881286785007,
      0.0003452833043411374,
      0.00026374918525107205,
      0.00025222229305654764,
      0.0001867573446361348,
      9.743002010509372e-05,
      8.490957407047972e-05,
      5.5213306040968746e-05
    ],
    "reproduction_history": [
      0.0012309919111430645,
      0.0018759146332740784,
      0.0,
      0.0,
      0.0,
      0.0,
      0.0,
      0.0,
      0.0005600936710834503,
      0.0006687617860734463,
      5.371973384171724e-05,
      0.0002151820808649063,
      0.00032780482433736324,
      8.153411909006536e-05,
      1.1526892194524407e-05,
      6.546494842041284e-05,
      8.932732453104109e-05,
      1.2520446034613997e-05,
      2.9696268029510975e-05
    ],
    "elimination_history": [
      0.005789048969745636,
      -0.04236925393342972,
      0.028966933488845825,
      -0.049493104219436646,
      0.00755743682384491,
      0.02944173663854599,
      -0.008991353213787079,
      0.015756160020828247,
      -0.014275319874286652,
      0.025285586714744568,
      -0.03297824412584305,
      0.0025329291820526123,
      -0.006433963775634766,
      -0.013540253043174744,
      0.04490602761507034,
      -0.07482573390007019,
      0.05715292692184448,
      -0.011181555688381195,
      -0.0600335281342268
    ],
    "diversity_history": [
      0.11667611449956894,
      0.12246516346931458,
      0.08009590953588486,
      0.10906284302473068,
      0.05956973880529404,
      0.06712717562913895,
      0.09656891226768494,
      0.08757755905389786,
      0.1033337190747261,
      0.08905839920043945,
      0.11434398591518402,
      0.08136574178934097,
      0.08389867097139359,
      0.07746470719575882,
      0.06392445415258408,
      0.10883048176765442,
      0.03400474786758423,
      0.09115767478942871,
      0.07997611910104752,
      0.019942590966820717
    ]
  },
  "adaptive_behavior": {
    "adaptive_behavior_verified": {
      "population_adapts": true,
      "step_size_adapts": true,
      "fitness_improves": true,
      "adaptation_rate_respected": true
    },
    "population_sizes": [
      20,
      20,
      20,
      20,
      20,
      20,
      20,
      20,
      20,
      20,
      20,
      20,
      20,
      20,
      20,
      20,
      22,
      24,
      26,
      28,
      30,
      33,
      36,
      39,
      42,
      46,
      50,
      50,
      50,
      50
    ],
    "step_sizes": [
      0.1,
      0.1,
      0.10000000149011612,
      0.10000000149011612,
      0.10000000149011612,
      0.10000000149011612,
      0.10000000149011612,
      0.10000000149011612,
      0.030088014900684357,
      0.10000000149011612,
      0.033255163580179214,
      0.013509823940694332,
      0.10000000149011612,
      0.10000000149011612,
      0.10000000149011612,
      0.10000000149011612,
      0.10000000149011612,
      0.10000000149011612,
      0.10000000149011612,
      0.10000000149011612,
      0.10000000149011612,
      0.10000000149011612,
      0.10000000149011612,
      0.10000000149011612,
      0.10000000149011612,
      0.10000000149011612,
      0.10000000149011612,
      0.10000000149011612,
      0.10000000149011612,
      0.10000000149011612
    ],
    "fitness_history": [
      0.001157614286057651,
      0.0008894990314729512,
      0.00044285180047154427,
      0.000241682369960472,
      0.000241682369960472,
      4.165543941780925e-05,
      3.5336179280420765e-05,
      2.2671467377222143e-05,
      1.3326554835657589e-05,
      1.0468006621522363e-05,
      5.9253175095363986e-06,
      1.5891930615907768e-06,
      1.5891930615907768e-06,
      1.5891930615907768e-06,
      1.5891930615907768e-06,
      1.5891930615907768e-06,
      1.5891930615907768e-06,
      1.5891930615907768e-06,
      1.5891930615907768e-06,
      1.5891930615907768e-06,
      1.5891930615907768e-06,
      1.5891930615907768e-06,
      1.5891930615907768e-06,
      1.5891930615907768e-06,
      1.5891930615907768e-06,
      1.5891930615907768e-06,
      1.5891930615907768e-06,
      1.5891930615907768e-06,
      1.5891930615907768e-06,
      1.5891930615907768e-06
    ]
  },
  "hybrid_integration": {
    "hybrid_behavior_verified": {
      "with_gradients_converges": false,
      "without_gradients_converges": false,
      "gradients_help": true,
      "both_methods_work": true
    },
    "with_gradients_history": [
      0.0006093715201132,
      0.0005942659336142242,
      0.0005942659336142242,
      0.0005942659336142242,
      0.0005942659336142242,
      0.0005942659336142242,
      0.0005942659336142242,
      0.0005942659336142242,
      0.0005942659336142242,
      0.0005942659336142242,
      0.0005942659336142242,
      0.0005942659336142242,
      0.0005942659336142242,
      0.0005942659336142242,
      0.0005036667571403086
    ],
    "without_gradients_history": [
      0.0005036667571403086,
      0.0005036667571403086,
      0.0005036667571403086,
      0.0005036667571403086,
      0.0005036667571403086,
      0.0005036667571403086,
      0.0005036667571403086,
      0.0005036667571403086,
      0.0005036667571403086,
      0.0005036667571403086,
      0.0005036667571403086,
      0.0005036667571403086,
      0.0005036667571403086,
      0.0005036667571403086,
      0.0005036667571403086
    ]
  },
  "mathematical_correctness": {
    "Sphere": {
      "initial_loss": 5.422452449798584,
      "final_loss": 3.847806340218085e-07,
      "convergence_steps": 6,
      "distance_to_optimum": 0.0006203068774559096,
      "success": true,
      "convergence_within_expected": true,
      "improvement_ratio": 0.9999999290393715
    },
    "Rosenbrock": {
      "initial_loss": 5468.73095703125,
      "final_loss": 7.022379577392712e-05,
      "convergence_steps": 3,
      "distance_to_optimum": 0.015147140928231663,
      "success": true,
      "convergence_within_expected": true,
      "improvement_ratio": 0.9999999871590326
    },
    "Rastrigin": {
      "initial_loss": 35.50978088378906,
      "final_loss": 0.005535125732421875,
      "convergence_steps": 1,
      "distance_to_optimum": 0.005282473581837469,
      "success": true,
      "convergence_within_expected": true,
      "improvement_ratio": 0.999844123911929
    },
    "Ackley": {
      "initial_loss": 6.200060844421387,
      "final_loss": 0.0005044937133789062,
      "convergence_steps": 8,
      "distance_to_optimum": 0.00017798337972267897,
      "success": true,
      "convergence_within_expected": true,
      "improvement_ratio": 0.9999186308447549
    },
    "Griewank": {
      "initial_loss": 0.3059130311012268,
      "final_loss": 1.233816146850586e-05,
      "convergence_steps": 1,
      "distance_to_optimum": 0.0049755686332814,
      "success": true,
      "convergence_within_expected": true,
      "improvement_ratio": 0.9999596677479737
    },
    "Schwefel": {
      "initial_loss": 835.9012451171875,
      "final_loss": 830.0751953125,
      "convergence_steps": 0,
      "distance_to_optimum": 587.9300566297297,
      "success": false,
      "convergence_within_expected": true,
      "improvement_ratio": 0.006969782421930391
    },
    "Michalewicz": {
      "initial_loss": 1.675530540978798e-07,
      "final_loss": -1.799944519996643,
      "convergence_steps": 1,
      "distance_to_optimum": 0.0063057145555731435,
      "success": true,
      "convergence_within_expected": true,